1:0	Chablis Cuvée Vieilles Vignes	Domaine Alain Geoffroy
1:1	Connétable Talbot	Château Talbot
1:2	Bolgheri Rosso	Le Macchiole
1:3	Manon Blanc	Clos Marie
1:4	Crozes-Hermitage	Domaine des Lises
1:5	Gewürztraminer	Tramin
1:6	Saumur-Champigny Le Clos	Clos Rougeard
1:7	Clos Floridène Blanc	Clos Floridène
1:8	Brut Réserve	Taittinger
2:0	Côtes du Rhône Rosé	E. Guigal
2:1	Château Pontet-Canet	Château Pontet-Canet
2:2	Château Cos d'Estournel	Château Cos d'Estournel
2:3	Côtes du Rhône Rosé	Domaine de la Janasse
2:4	Arbois Vin Jaune	Domaine de la Pinte
2:5	Meursault	Domaine Potinet-Ampeau
2:6	Échezeaux	Domaine Confuron-Cotetidot
2:7	Nuits-Saint-Georges 1er Cru Les Cailles	Robert Chevillon
2:8	Inspiration	Domaine de Gavisson
2:9	Gran Reserva	Bodegas San Isidro
2:10	Beaujolais-Villages Nouveau	Domaine de la Haute Molière
2:11	Krug Clos d'Ambonnay	Krug
2:12	Ruinart Blanc de Blancs	Ruinart
2:13	Alma	Finca Egomei
3:0	Villa Fidelia Rosso	Sportoletti
3:1	Leo Malbec Premium	Casa Bianchi
3:2	Chianti Classico	Fattoria Viticcio
3:3	Gewurztraminer	Domaine Kientzler
3:4	Peter & Peter	ZGM
3:5	Richebourg	Mongeard-Mugneret
4:0	Jurançon Noblesse du Temps	Domaine Cauhapé
4:1	Château Gruaud Larose	Château Gruaud Larose
4:2	心之雫 / Kokoro no Shizuku	Noto Wine
4:3	Château Gloria	Château Gloria
4:4	Tokaji Aszú 5 Puttonyos	Château Pajzos
4:5	Tempus III Brut Reserva	Torre Oria
4:6	Delamotte Blanc de Blancs	Delamotte
4:7	Ayala · 具体酒款未注明	Ayala
4:8	Alsace Cuvée Gyotaku	Domaine Mittnacht Frères
4:9	Puligny-Montrachet 1er Cru La Truffière	Thomas Morey
4:10	Meursault Vieilles Vignes	アレクサンドル・ド・レゼルフェルド（拉丁拼写待核验）
5:0	Réserve Pinot Noir	Domaine de Peyrières
5:1	Pioneer Block 5 Pinot Noir	Saint Clair
5:2	Volnay 1er Cru Clos des 60 Ouvrées	Domaine de la Pousse d'Or
5:3	Enira	Bessa Valley
5:4	Le Clos du Beau-Père	Jean-Luc Thunevin
5:5	Château Gloria	Château Gloria
5:6	Passopisciaro	Passopisciaro
5:7	Château de Fonbel	Château de Fonbel
5:8	Cru Quinette	Château du Juge
5:9	Nuits-Saint-Georges 1er Cru La Richemone Vieilles Vignes	Domaine Perrot-Minot
6:0	Château Doisy-Védrines	Château Doisy-Védrines
6:1	Le Mesnil Blanc de Blancs Grand Cru Brut	Le Mesnil
6:2	Salco	Salcheto
6:3	Brut Carte d'Or Grand Cru	Camille Savès
6:4	Sonoma Pinot Noir	Buena Vista
6:5	Vin de Pays de Méditerranée Vieilles Vignes	Domaine de Cristia
6:6	Dangin Fays Brut	Paul Dangin et Fils
6:7	Cuvée Marie-Christine	Château de l'Aumérade
6:8	Koshu Terroir Selection Iwai	Katsunuma Winery
6:9	Aruga Branca Brilhante	Katsunuma Winery
6:10	Goût Américain	Heidsieck & Co Monopole
6:11	Lieux-Dits Mareuil-sur-Aÿ Sous le Mont	Jacques Selosse
7:0	Vin de Corse Rouge	Clos Fornelli
7:1	Mâcon-Verzé	Domaine Leflaive
7:2	Riesling Grand Cru Furstentum	Domaine Albert Mann
7:3	Millésime	Jean-Paul Deville
7:4	Burg Layer Schlosskapelle Kabinett	Ferdinand Pieroth
7:5	Koshu	Kisvin
7:6	Silver Heights · 具体酒款待核验	Silver Heights
7:7	Dindori Reserve	Sula Vineyards
7:8	Rosé	Terra Tangra
7:9	Uno Arabako Txakolina	生产者未注明
7:10	Kali Riza	Kir-Yianni
7:11	Bouchard Finlayson · 具体酒款待核验	Bouchard Finlayson
7:12	Napier Red Medallion	Napier Winery
7:13	Rall Red	Rall Wines
7:14	Vineyard Selection Chardonnay	Kleine Zalze
7:15	Chardonnay	Ataraxia Wines
7:16	Private Cellar Chenin Blanc	Rijk's
7:17	Château Pontet-Canet	Château Pontet-Canet
8:0	Château Pontet-Canet	Château Pontet-Canet
8:1	Anderson Valley Pinot Noir	Knez Winery
8:2	Primavera Pinot Noir	Stefano Lubiana
8:3	The Prisoner	Orin Swift Cellars（酒单归属待核验）
8:4	Banyuls	M. Chapoutier
8:5	La Vie en Rose Grand Cru Rosé Brut	Lepreux-Penet
8:6	Saint-Aubin	Courtiers Sélection
8:7	Montrachet	Domaine Leflaive
9:0	Brut Rosé Grand Cru	Marguet Père et Fils
9:1	Chardonnay Pinot Noir	Haute Cabrière
9:2	Arboreus Trebbiano Spoletino	Paolo Bea
9:3	Clos Jacquin Brut Grand Cru	Pierre Callot
9:4	Viñedo Chadwick	Errázuriz
9:5	Salon	Salon
9:6	Late Harvest Zinfandel	Bella Vineyards
10:0	Coteaux Champenois	Egly-Ouriet
10:1	Richebourg	Henri Jayer
10:2	Château d'Yquem	Château d'Yquem
10:3	Crémant du Jura	Domaine Jacques Tissot
10:4	Luna	Conti Zecca
10:5	Cabernet Lazio	Poggio Le Volpi
10:6	Chablis Côte de Léchet	Daniel-Etienne Defaix
11:0	Cuvée Laurent Blanc de Blancs	Vins Bréban
11:1	Il Pumo Sauvignon Malvasia	San Marzano
11:2	Pinot Noir Early Release	Casas del Bosque
11:3	Montebello Spumante Brut Bianco	Bellenda
11:4	Rosso di Toscana	Grati
11:5	Chandon Brut Australia	Chandon
11:6	Cellar Selection Chenin Blanc Bush Vines	Kleine Zalze
11:7	Talò Primitivo di Manduria	San Marzano
11:8	Spumante Brut Metodo Classico Rosé	Avezza
11:9	Kaplja	Damijan Podversic
11:10	Brunello di Montalcino	Argiano
12:0	T	Taltarni Vineyards
12:1	Il Pumo Sauvignon Malvasia	San Marzano
12:2	Cuvée Laurent Blanc de Blancs	Vins Bréban
12:3	Pinot Noir Early Release	Casas del Bosque
12:4	Ca' Brione Terrazze Retiche di Sondrio	Nino Negri
12:5	Franciacorta Zero	Contadi Castaldi
12:6	Barolo	Serradenari
12:7	Campo dei Gigli Amarone della Valpolicella	Tenuta Sant'Antonio
12:8	Côte-Rôtie Brune et Blonde	E. Guigal
12:9	Cuvée Cinema Pinot Noir	Crystallum
12:10	Partida Pedrer	René Barbier Jr. & Sara Pérez
13:0	Grace Extra Brut	Chuo Budoshu
13:1	Hare Label Gewurztraminer QbA	Lingenfelder
13:2	Santorini Assyrtiko	Domaine Sigalas
13:3	Vine Star Zinfandel Sonoma County	Broc Cellars
13:4	Château Smith Haut Lafitte Blanc	Château Smith Haut Lafitte
13:5	Icewine Cabernet Sauvignon	Asconi
14:0	Vida Orgánica Chardonnay	Familia Zuccardi / La Agricola
14:1	Bourgogne Pinot Noir	Chauvenet-Chopin
14:2	Cigalus Blanc	Gérard Bertrand
14:3	Reméage Vin de France Rosé	Les Vins de Vienne
14:4	Royale Réserve Non Dosé	Philipponnat
14:5	Crozes-Hermitage	Domaine Maxime Chomel
14:6	Côte-Rôtie Blonde du Seigneur	Domaine Georges Vernay
14:7	Domaine Santa Duc Gigondas	Domaine Santa Duc
14:8	Châteauneuf-du-Pape Rouge	Clos des Papes / Paul Avril
15:0	Châteauneuf-du-Pape Cuvée Laurence	Domaine du Pegau
15:1	Pinot Noir	Coldstream Hills
15:2	Meursault Charmes Premier Cru	Château de Meursault
16:0	Château Smith Haut Lafitte Blanc	Château Smith Haut Lafitte
16:1	Pinot Gris	Stefano Lubiana
16:2	Rheingau Riesling QbA Trocken	Schloss Vollrads
16:3	San Magno Cesanese del Piglio	Corte dei Papi
16:4	Vosne-Romanée Premier Cru Clos des Réas	Michel Gros
16:5	Pinot Noir Reserve	Folium Vineyard
16:6	Ysabel Pinot Noir	Hyde de Villaine
16:7	Lancelot Pisoni Vineyard Pinot Noir	Paul Lato
16:8	Château Pétrus	Château Pétrus
16:9	Aconcagua Alto Carmenère	Errázuriz
16:10	Kikyogahara Merlot	Château Mercian
16:11	Dom Pérignon Rosé	Moët & Chandon
16:12	Le Mesnil Blanc de Blancs Grand Cru	Bruno Paillard
16:13	トラミーナー リートヴォッヘイ・キビッツフェルドエッガー パムハーゲン（拉丁拼写待核验）	Szigeti
16:14	Damnation	Château Roque Mauriac
16:15	Estate Pinot Noir Santa Lucia Highlands	Pisoni Vineyards
17:0	Ygrec Château d'Yquem	Château d'Yquem
17:1	Château Clinet	Château Clinet
17:2	Châteauneuf-du-Pape Cuvée Laurence	Domaine du Pegau
17:3	Châteauneuf-du-Pape Cuvée Da Capo	Domaine du Pegau
17:4	Rock Angel	Château d'Esclans
18:0	Brut Rosé	Lanson
18:1	Château Gazin	Château Gazin
18:2	Château Gruaud Larose	Château Gruaud Larose
18:3	Château Corbin Michotte	Château Corbin Michotte
18:4	Veuve Clicquot Brut	Veuve Clicquot
18:5	Château Haut-Brion	Château Haut-Brion
18:6	Château Lafite Rothschild	Château Lafite Rothschild
19:0	Pommard	Domaine Parent
19:1	Pommard Premier Cru	Comte Armand
19:2	Goût Américain	Heidsieck & Co Monopole
19:3	Rose Rosé	Shion Winery
19:4	Chardonnay	Cyclo Vineyards
19:5	BOW · 颜色待核验	Domaine Oyamada
19:6	夢の途中 Part 2	Nakamura Wine
19:7	がんこおやじの手造りわいん	Nakamura Wine
20:0	BOW · 颜色待核验	Domaine Oyamada
20:1	Château Talbot	Château Talbot
20:2	Connétable Talbot	Château Talbot
20:3	Blanc de Blancs Grand Cru Millésime	Drappier
20:4	Negra Brut	Delapierre
20:5	Puligny-Montrachet	Philippe Charlopin-Parizot
20:6	Pouilly-Fumé	Dominique Pabiot
20:7	若尾果树园 / Wakao Kajuen	Marusan Wine
20:8	Blason Rosé	Perrier-Jouët
20:9	Jean Pierre Rosé	De Bortoli
20:10	Varietal Series Chardonnay	Shinshu Takayama Winery
20:11	La Florette Hanamizuki Blanc	Okunota Winery
20:12	Meursault	Louis Jadot
20:13	Delamotte Blanc de Blancs	Delamotte
20:14	Hikawa Valley Koshu Barrel Fermented	Soryu Winery
21:0	Hikawa Valley Koshu Barrel Fermented	Soryu Winery
21:1	Sparkling Rosé	Ajimu Winery
21:2	Château Talbot	Château Talbot
21:3	Beaujolais-Villages	Leroy
21:4	EXCLUDE SAKE	越後鶴亀
21:5	Nasu Wine Merlot	Watanabe Vineyard
21:6	Château Margaux	Château Margaux
21:7	Blason d'Issan	Château d'Issan
21:8	Carmes de Rieussec	Château Rieussec
21:9	Chanter Y.A Huit Yui	Diamond Winery
21:10	La Feuille Trésor Reserved Koshu	Maruki Winery
21:11	Fujiclair Koshu Sparkling	Fujicco Winery
21:12	Merlot	Tainai Kogen Winery
21:13	Koshu F.O.S.	Coco Farm & Winery
21:14	Château Haut-Brion	Château Haut-Brion
22:0	Grand Bateau Bordeaux Blanc	Barrière Frères
22:1	Blue Label Brut Réserve	Nicolas Feuillatte
22:2	Gravello	Librandi
22:3	Himawari Rosé	Shion Winery
22:4	Rosé	Rainbow's End Wine Estate
22:5	Sol Negru · 品种待核验	Asconi
22:6	Rosetta Sangiovese Rosé	Pizzini
22:7	Pays d'Oc Rosé	M. Chapoutier
22:8	Upper Hunter Rosé	Small Forest
22:9	Héritage	Santa Duc
22:10	Naćho Rosé	Shinshu Takayama Winery
22:11	Estate Cabernet Sauvignon Rosé	Errázuriz
22:12	Château Mouton Rothschild	Château Mouton Rothschild
22:13	Opus One	Opus One
22:14	Almaviva	Almaviva
22:15	Château d'Armailhac	Château d'Armailhac
22:16	Château Cantenac Brown	Château Cantenac Brown
22:17	Château Calon-Ségur	Château Calon-Ségur
22:18	Château Cantemerle	Château Cantemerle
22:19	Pavillon Rouge du Château Margaux	Château Margaux
22:20	Château Gruaud Larose	Château Gruaud Larose
22:21	Château Lynch-Bages	Château Lynch-Bages
22:22	Goutte d'Argent · 品种待核验	Viña Marty
23:0	Assyrtiko Wild Ferment	Gaia Wines
23:1	Rkatsiteli	Orgo
23:2	Azumino Ikeda Vineyard Syrah	Grande Polaire
23:3	Laundry Vineyard Cabernet Franc	Tawse Winery
23:4	Rosé de Chevalier	Domaine de Chevalier
23:5	Domaine de Chevalier Rouge	Domaine de Chevalier
23:6	Brut Classic	Deutz
23:7	Échezeaux La Grande Complication	Mongeard-Mugneret
23:8	Côte-Rôtie Les Bécasses	M. Chapoutier
23:9	Côte-Rôtie Les Bécasses	M. Chapoutier
23:10	Chambertin Clos de Bèze	Prieuré Roch
24:0	Château Pétrus	Château Pétrus
24:1	Richebourg	Domaine Leroy
24:2	Chambertin	Domaine Leroy
24:3	Château Rauzan-Ségla	Château Rauzan-Ségla
24:4	Château Rauzan-Ségla	Château Rauzan-Ségla
24:5	Château Lafite Rothschild	Château Lafite Rothschild
24:6	Château Haut-Brion	Château Haut-Brion
24:7	Château La Mission Haut-Brion	Château La Mission Haut-Brion
24:8	Château Haut-Brion	Château Haut-Brion
25:0	Château Haut-Brion	Château Haut-Brion
25:1	Salon	Salon
25:2	Château Haut-Brion	Château Haut-Brion
25:3	Tsarine Number One Brut	Tsarine
25:4	Musigny	Jacques-Frédéric Mugnier
25:5	Chambertin	Armand Rousseau
25:6	Meursault Perrières	Comte Lafon
25:7	Château Mouton Rothschild	Château Mouton Rothschild
25:8	Richebourg	Henri Jayer
26:0	Cuvée Exquise Sec	Jacques Selosse
26:1	Chambolle-Musigny Les Amoureuses	Georges Roumier
26:2	Château Ausone	Château Ausone
26:3	Château Cheval Blanc	Château Cheval Blanc
26:4	Clos de la Roche	Jacky Truchot
26:5	Krug Grande Cuvée	Krug
26:6	Vosne-Romanée Cros Parantoux	Henri Jayer
